{
  "CNN_Baseline": {
    "test_accuracy": 0.8911690266092072,
    "test_mAP": 0.1273133934475926,
    "test_loss": 0.9928907722772733,
    "best_val_mAP": 0.10196579942130896,
    "total_epochs": 20
  },
  "CNN_BiLSTM": {
    "test_accuracy": 0.9633353854572816,
    "test_mAP": 0.3509625947693579,
    "test_loss": 1.4070211702039523,
    "best_val_mAP": 0.38380021324791475,
    "total_epochs": 23
  },
  "CNN_Transformer": {
    "test_accuracy": 0.9393939393939394,
    "test_mAP": 0.08874783192173924,
    "test_loss": 0.9209566976573457,
    "best_val_mAP": 0.1033220010149299,
    "total_epochs": 18
  }
}